Workbook

Sheet Data
A1: Product Name | B1: Annual Demand (units/year) | C1: Unit Cost to Costco ($$ ) | D1: Selling Price ( $$) | E1: Fixed Order Cost ($) | F1: Holding Cost % per year | G1: Lead Time (days)
A2: Kirkland Paper Towels | B2: 105200 | C2: 20.46 | D2: 23.26 | E2: 180 | F2: 22.5 | G2: 7
A3: Rotisserie Chicken | B3: 252400 | C3: 2.12 | D3: 5.66 | E3: 90 | F3: 40 | G3: 1
A4: Kirkland Toilet Paper | B4: 117400 | C4: 20.96 | D4: 23.82 | E4: 200 | F4: 22.5 | G4: 10
A5: Bottled Water (40-pack) | B5: 320000 | C5: 3.99 | D5: 4.53 | E5: 120 | F5: 22.5 | G5: 5
A6: Bananas (3 lb bag) | B6: 3200000 | C6: 1.47 | D6: 2.26 | E6: 60 | F6: 45 | G6: 2
A7: Eggs (5-dozen pack) | B7: 208000 | C7: 6.5 | D7: 10.77 | E7: 100 | F7: 35 | G7: 3
A8: Kirkland Batteries (48 ct) | B8: 92000 | C8: 15.84 | D8: 18.15 | E8: 250 | F8: 22.5 | G8: 14
A9: Organic Milk (3 half-gal) | B9: 142900 | C9: 9.04 | D9: 13.9 | E9: 110 | F9: 35 | G9: 4
A10: Gasoline (per gallon) | B10: 16000000 | C10: 1.47 | D10: 2.29 | E10: 800 | F10: 17.5 | G10: 2
A11: Tide Pods (152 ct) | B11: 70000 | C11: 30.23 | D11: 34.36 | E11: 300 | F11: 22.5 | G11: 12

Sheet Calculations
A1: Product Name | B1: Annual Demand | C1: Unit Cost | D1: Order Cost | E1: Holding Rate | F1: EOQ | G1: Orders/year | H1: Total Ordering $ | I1: Total Holding $ | J1: Total Inventory Cost | K1: Safety Stock | L1: Reorder Point | M1: Current Policy Cost
A2: Tide Pods (152 ct) | B2: =Data!B11 -> 70000 | C2: =Data!C11 -> 30.23 | D2: =Data!E11 -> 300 | E2: =C2*Data!F11 -> 680.175 | F2: =SQRT(2*B2*D2/E2) -> 248.49309 | G2: =B2/F2 -> 281.69798 | H2: =G2*D2 -> 84509.393 | I2: =(F2/2)*E2 -> 84509.393 | J2: =H2+I2 -> 169018.79 | K2: =1.645*SQRT(G2*Data!G11) -> 95.641943 | L2: =K2+(B2/365*Data!G11) -> 2397.0118 | M2: =B2*C2*0.25+(B2/2000)*D2 -> 539525
A3: Kirkland Paper Towels | B3: =Data!B2 -> 105200 | C3: =Data!C2 -> 20.46 | D3: =Data!E2 -> 180 | E3: =C3*Data!F2 -> 460.35 | F3: =SQRT(2*B3*D3/E3) -> 286.82371 | G3: =B3/F3 -> 366.77582 | H3: =G3*D3 -> 66019.647 | I3: =(F3/2)*E3 -> 66019.647 | J3: =H3+I3 -> 132039.29 | K3: =1.645*SQRT(G3*Data!G2) -> 83.351855 | L3: =K3+(B3/365*Data!G2) -> 2100.8861 | M3: =B3*C3*0.25+(B3/2000)*D3 -> 547566
A4: Organic Milk (3 half-gal) | B4: =Data!B9 -> 142900 | C4: =Data!C9 -> 9.04 | D4: =Data!E9 -> 110 | E4: =C4*Data!F9 -> 316.4 | F4: =SQRT(2*B4*D4/E4) -> 315.2167 | G4: =B4/F4 -> 453.33893 | H4: =G4*D4 -> 49867.282 | I4: =(F4/2)*E4 -> 49867.282 | J4: =H4+I4 -> 99734.564 | K4: =1.645*SQRT(G4*Data!G9) -> 70.049881 | L4: =K4+(B4/365*Data!G9) -> 1636.0773 | M4: =B4*C4*0.25+(B4/2000)*D4 -> 330813.5
A5: Kirkland Toilet Paper | B5: =Data!B4 -> 117400 | C5: =Data!C4 -> 20.96 | D5: =Data!E4 -> 200 | E5: =C5*Data!F4 -> 471.6 | F5: =SQRT(2*B5*D5/E5) -> 315.55651 | G5: =B5/F5 -> 372.04113 | H5: =G5*D5 -> 74408.225 | I5: =(F5/2)*E5 -> 74408.225 | J5: =H5+I5 -> 148816.45 | K5: =1.645*SQRT(G5*Data!G4) -> 100.33706 | L5: =K5+(B5/365*Data!G4) -> 3316.7754 | M5: =B5*C5*0.25+(B5/2000)*D5 -> 626916
A6: Kirkland Batteries (48 ct) | B6: =Data!B8 -> 92000 | C6: =Data!C8 -> 15.84 | D6: =Data!E8 -> 250 | E6: =C6*Data!F8 -> 356.4 | F6: =SQRT(2*B6*D6/E6) -> 359.26099 | G6: =B6/F6 -> 256.08124 | H6: =G6*D6 -> 64020.309 | I6: =(F6/2)*E6 -> 64020.309 | J6: =H6+I6 -> 128040.62 | K6: =1.645*SQRT(G6*Data!G8) -> 98.496047 | L6: =K6+(B6/365*Data!G8) -> 3627.2632 | M6: =B6*C6*0.25+(B6/2000)*D6 -> 375820
A7: Eggs (5-dozen pack) | B7: =Data!B7 -> 208000 | C7: =Data!C7 -> 6.5 | D7: =Data!E7 -> 100 | E7: =C7*Data!F7 -> 227.5 | F7: =SQRT(2*B7*D7/E7) -> 427.61799 | G7: =B7/F7 -> 486.41546 | H7: =G7*D7 -> 48641.546 | I7: =(F7/2)*E7 -> 48641.546 | J7: =H7+I7 -> 97283.092 | K7: =1.645*SQRT(G7*Data!G7) -> 62.839137 | L7: =K7+(B7/365*Data!G7) -> 1772.4282 | M7: =B7*C7*0.25+(B7/2000)*D7 -> 348400
A8: Rotisserie Chicken | B8: =Data!B3 -> 252400 | C8: =Data!C3 -> 2.12 | D8: =Data!E3 -> 90 | E8: =C8*Data!F3 -> 84.8 | F8: =SQRT(2*B8*D8/E8) -> 731.95267 | G8: =B8/F8 -> 344.83104 | H8: =G8*D8 -> 31034.793 | I8: =(F8/2)*E8 -> 31034.793 | J8: =H8+I8 -> 62069.587 | K8: =1.645*SQRT(G8*Data!G3) -> 30.547036 | L8: =K8+(B8/365*Data!G3) -> 722.05389 | M8: =B8*C8*0.25+(B8/2000)*D8 -> 145130
A9: Bottled Water (40-pack) | B9: =Data!B5 -> 320000 | C9: =Data!C5 -> 3.99 | D9: =Data!E5 -> 120 | E9: =C9*Data!F5 -> 89.775 | F9: =SQRT(2*B9*D9/E9) -> 924.9173 | G9: =B9/F9 -> 345.97688 | H9: =G9*D9 -> 41517.225 | I9: =(F9/2)*E9 -> 41517.225 | J9: =H9+I9 -> 83034.451 | K9: =1.645*SQRT(G9*Data!G5) -> 68.418641 | L9: =K9+(B9/365*Data!G5) -> 4451.9803 | M9: =B9*C9*0.25+(B9/2000)*D9 -> 338400
A10: Bananas (3 lb bag) | B10: =Data!B6 -> 3200000 | C10: =Data!C6 -> 1.47 | D10: =Data!E6 -> 60 | E10: =C10*Data!F6 -> 66.15 | F10: =SQRT(2*B10*D10/E10) -> 2409.3544 | G10: =B10/F10 -> 1328.1566 | H10: =G10*D10 -> 79689.397 | I10: =(F10/2)*E10 -> 79689.397 | J10: =H10+I10 -> 159378.79 | K10: =1.645*SQRT(G10*Data!G6) -> 84.782369 | L10: =K10+(B10/365*Data!G6) -> 17619.029 | M10: =B10*C10*0.25+(B10/50000)*D10 -> 1179840
A11: Gasoline (per gallon) | B11: =Data!B10 -> 16000000 | C11: =Data!C10 -> 1.47 | D11: =Data!E10 -> 800 | E11: =C11*Data!F10 -> 25.725 | F11: =SQRT(2*B11*D11/E11) -> 31545.854 | G11: =B11/F11 -> 507.19819 | H11: =G11*D11 -> 405758.55 | I11: =(F11/2)*E11 -> 405758.55 | J11: =H11+I11 -> 811517.1 | K11: =1.645*SQRT(G11*Data!G10) -> 52.392575 | L11: =K11+(B11/365*Data!G10) -> 87723.625 | M11: =B11*C11*0.25+(B11/10000)*D11 -> 7160000

Sheet Dashboard
A1: Costco Inventory Optimization - Results Summary
A3: Total annual savings with EOQ | B3: =SUM(Calculations!M:M)-SUM(Calculations!J:J) -> 9701477.8
A4: Average % savings | B4: {=AVERAGE(Calculations!J2:J11/Calculations!M2:M11)-1} -> -0.73653201

Sheet sources
A1: - prices checked on costco.com Dec 2025
A2: - holding % and order costs evaluated based on industry standards
A3: - Demand -> scaled to per warehouse
A4: Demand reverse-engineered from public renenue, earnings calls, and Costco prices (Dec 2025)
